title,description
title 1,description 1
title 2,description 2
title 3,description 3
title 4,description 4
title 5,description 5
title 6,description 6
title 7,description 7
title 8,description 8
title 9,description 9
title 10,description 10
title 11,description 11
title 12,description 12
title 13,description 13
title 14,description 14
title 15,description 15
title 16,description 16
title 17,description 17
title 18,description 18
title 19,description 19
title 20,description 20
title 21,description 21
title 22,description 22
title 23,description 23
title 24,description 24
title 25,description 25
title 26,description 26
title 27,description 27
title 28,description 28
title 29,description 29
title 30,description 30
title 31,description 31
title 32,description 32
title 33,description 33
title 34,description 34
title 35,description 35
title 36,description 36
title 37,description 37
title 38,description 38
title 39,description 39
title 40,description 40
title 41,description 41
title 42,description 42
title 43,description 43
title 44,description 44
title 45,description 45
title 46,description 46
title 47,description 47
title 48,description 48
title 49,description 49
title 50,description 50
title 51,description 51
title 52,description 52
title 53,description 53
title 54,description 54
title 55,description 55
title 56,description 56
title 57,description 57
title 58,description 58
title 59,description 59
title 60,description 60
title 61,description 61
title 62,description 62
title 63,description 63
title 64,description 64
title 65,description 65
title 66,description 66
title 67,description 67
title 68,description 68
title 69,description 69
title 70,description 70
title 71,description 71
title 72,description 72
title 73,description 73
title 74,description 74
title 75,description 75
title 76,description 76
title 77,description 77
title 78,description 78
title 79,description 79
title 80,description 80
title 81,description 81
title 82,description 82
title 83,description 83
title 84,description 84
title 85,description 85
title 86,description 86
title 87,description 87
title 88,description 88
title 89,description 89
title 90,description 90
title 91,description 91
title 92,description 92
title 93,description 93
title 94,description 94
title 95,description 95
title 96,description 96
title 97,description 97
title 98,description 98
title 99,description 99
title 100,description 100
title 101,description 101
title 102,description 102
title 103,description 103
title 104,description 104
title 105,description 105
title 106,description 106
title 107,description 107
title 108,description 108
title 109,description 109
title 110,description 110
title 111,description 111
title 112,description 112
title 113,description 113
title 114,description 114
title 115,description 115
title 116,description 116
title 117,description 117
title 118,description 118
title 119,description 119
title 120,description 120
title 121,description 121
title 122,description 122
title 123,description 123
title 124,description 124
title 125,description 125
title 126,description 126
title 127,description 127
title 128,description 128
title 129,description 129
title 130,description 130
title 131,description 131
title 132,description 132
title 133,description 133
title 134,description 134
title 135,description 135
title 136,description 136
title 137,description 137
title 138,description 138
title 139,description 139
title 140,description 140
title 141,description 141
title 142,description 142
title 143,description 143
title 144,description 144
title 145,description 145
title 146,description 146
title 147,description 147
title 148,description 148
title 149,description 149
title 150,description 150
title 151,description 151
title 152,description 152
title 153,description 153
title 154,description 154
title 155,description 155
title 156,description 156
title 157,description 157
title 158,description 158
title 159,description 159
title 160,description 160
title 161,description 161
title 162,description 162
title 163,description 163
title 164,description 164
title 165,description 165
title 166,description 166
title 167,description 167
title 168,description 168
title 169,description 169
title 170,description 170
title 171,description 171
title 172,description 172
title 173,description 173
title 174,description 174
title 175,description 175
title 176,description 176
title 177,description 177
title 178,description 178
title 179,description 179
title 180,description 180
title 181,description 181
title 182,description 182
title 183,description 183
title 184,description 184
title 185,description 185
title 186,description 186
title 187,description 187
title 188,description 188
title 189,description 189
title 190,description 190
title 191,description 191
title 192,description 192
title 193,description 193
title 194,description 194
title 195,description 195
title 196,description 196
title 197,description 197
title 198,description 198
title 199,description 199
title 200,description 200
title 201,description 201
title 202,description 202
title 203,description 203
title 204,description 204
title 205,description 205
title 206,description 206
title 207,description 207
title 208,description 208
title 209,description 209
title 210,description 210
title 211,description 211
title 212,description 212
title 213,description 213
title 214,description 214
title 215,description 215
title 216,description 216
title 217,description 217
title 218,description 218
title 219,description 219
title 220,description 220
title 221,description 221
title 222,description 222
title 223,description 223
title 224,description 224
title 225,description 225
title 226,description 226
title 227,description 227
title 228,description 228
title 229,description 229
title 230,description 230
title 231,description 231
title 232,description 232
title 233,description 233
title 234,description 234
title 235,description 235
title 236,description 236
title 237,description 237
title 238,description 238
title 239,description 239
title 240,description 240
title 241,description 241
title 242,description 242
title 243,description 243
title 244,description 244
title 245,description 245
title 246,description 246
title 247,description 247
title 248,description 248
title 249,description 249
title 250,description 250
title 251,description 251
title 252,description 252
title 253,description 253
title 254,description 254
title 255,description 255
title 256,description 256
title 257,description 257
title 258,description 258
title 259,description 259
title 260,description 260
title 261,description 261
title 262,description 262
title 263,description 263
title 264,description 264
title 265,description 265
title 266,description 266
title 267,description 267
title 268,description 268
title 269,description 269
title 270,description 270
title 271,description 271
title 272,description 272
title 273,description 273
title 274,description 274
title 275,description 275
title 276,description 276
title 277,description 277
title 278,description 278
title 279,description 279
title 280,description 280
title 281,description 281
title 282,description 282
title 283,description 283
title 284,description 284
title 285,description 285
title 286,description 286
title 287,description 287
title 288,description 288
title 289,description 289
title 290,description 290
title 291,description 291
title 292,description 292
title 293,description 293
title 294,description 294
title 295,description 295
title 296,description 296
title 297,description 297
title 298,description 298
title 299,description 299
title 300,description 300
title 301,description 301
title 302,description 302
title 303,description 303
title 304,description 304
title 305,description 305
title 306,description 306
title 307,description 307
title 308,description 308
title 309,description 309
title 310,description 310
title 311,description 311
title 312,description 312
title 313,description 313
title 314,description 314
title 315,description 315
title 316,description 316
title 317,description 317
title 318,description 318
title 319,description 319
title 320,description 320
title 321,description 321
title 322,description 322
title 323,description 323
title 324,description 324
title 325,description 325
title 326,description 326
title 327,description 327
title 328,description 328
title 329,description 329
title 330,description 330
title 331,description 331
title 332,description 332
title 333,description 333
title 334,description 334
title 335,description 335
title 336,description 336
title 337,description 337
title 338,description 338
title 339,description 339
title 340,description 340
title 341,description 341
title 342,description 342
title 343,description 343
title 344,description 344
title 345,description 345
title 346,description 346
title 347,description 347
title 348,description 348
title 349,description 349
title 350,description 350
title 351,description 351
title 352,description 352
title 353,description 353
title 354,description 354
title 355,description 355
title 356,description 356
title 357,description 357
title 358,description 358
title 359,description 359
title 360,description 360
title 361,description 361
title 362,description 362
title 363,description 363
title 364,description 364
title 365,description 365
title 366,description 366
title 367,description 367
title 368,description 368
title 369,description 369
title 370,description 370
title 371,description 371
title 372,description 372
title 373,description 373
title 374,description 374
title 375,description 375
title 376,description 376
title 377,description 377
title 378,description 378
title 379,description 379
title 380,description 380
title 381,description 381
title 382,description 382
title 383,description 383
title 384,description 384
title 385,description 385
title 386,description 386
title 387,description 387
title 388,description 388
title 389,description 389
title 390,description 390
title 391,description 391
title 392,description 392
title 393,description 393
title 394,description 394
title 395,description 395
title 396,description 396
title 397,description 397
title 398,description 398
title 399,description 399
title 400,description 400
title 401,description 401
title 402,description 402
title 403,description 403
title 404,description 404
title 405,description 405
title 406,description 406
title 407,description 407
title 408,description 408
title 409,description 409
title 410,description 410
title 411,description 411
title 412,description 412
title 413,description 413
title 414,description 414
title 415,description 415
title 416,description 416
title 417,description 417
title 418,description 418
title 419,description 419
title 420,description 420
title 421,description 421
title 422,description 422
title 423,description 423
title 424,description 424
title 425,description 425
title 426,description 426
title 427,description 427
title 428,description 428
title 429,description 429
title 430,description 430
title 431,description 431
title 432,description 432
title 433,description 433
title 434,description 434
title 435,description 435
title 436,description 436
title 437,description 437
title 438,description 438
title 439,description 439
title 440,description 440
title 441,description 441
title 442,description 442
title 443,description 443
title 444,description 444
title 445,description 445
title 446,description 446
title 447,description 447
title 448,description 448
title 449,description 449
title 450,description 450
title 451,description 451
title 452,description 452
title 453,description 453
title 454,description 454
title 455,description 455
title 456,description 456
title 457,description 457
title 458,description 458
title 459,description 459
title 460,description 460
title 461,description 461
title 462,description 462
title 463,description 463
title 464,description 464
title 465,description 465
title 466,description 466
title 467,description 467
title 468,description 468
title 469,description 469
title 470,description 470
title 471,description 471
title 472,description 472
title 473,description 473
title 474,description 474
title 475,description 475
title 476,description 476
title 477,description 477
title 478,description 478
title 479,description 479
title 480,description 480
title 481,description 481
title 482,description 482
title 483,description 483
title 484,description 484
title 485,description 485
title 486,description 486
title 487,description 487
title 488,description 488
title 489,description 489
title 490,description 490
title 491,description 491
title 492,description 492
title 493,description 493
title 494,description 494
title 495,description 495
title 496,description 496
title 497,description 497
title 498,description 498
title 499,description 499
title 500,description 500
title 501,description 501
title 502,description 502
title 503,description 503
title 504,description 504
title 505,description 505
title 506,description 506
title 507,description 507
title 508,description 508
title 509,description 509
title 510,description 510
title 511,description 511
title 512,description 512
title 513,description 513
title 514,description 514
title 515,description 515
title 516,description 516
title 517,description 517
title 518,description 518
title 519,description 519
title 520,description 520
title 521,description 521
title 522,description 522
title 523,description 523
title 524,description 524
title 525,description 525
title 526,description 526
title 527,description 527
title 528,description 528
title 529,description 529
title 530,description 530
title 531,description 531
title 532,description 532
title 533,description 533
title 534,description 534
title 535,description 535
title 536,description 536
title 537,description 537
title 538,description 538
title 539,description 539
title 540,description 540
title 541,description 541
title 542,description 542
title 543,description 543
title 544,description 544
title 545,description 545
title 546,description 546
title 547,description 547
title 548,description 548
title 549,description 549
title 550,description 550
title 551,description 551
title 552,description 552
title 553,description 553
title 554,description 554
title 555,description 555
title 556,description 556
title 557,description 557
title 558,description 558
title 559,description 559
title 560,description 560
title 561,description 561
title 562,description 562
title 563,description 563
title 564,description 564
title 565,description 565
title 566,description 566
title 567,description 567
title 568,description 568
title 569,description 569
title 570,description 570
title 571,description 571
title 572,description 572
title 573,description 573
title 574,description 574
title 575,description 575
title 576,description 576
title 577,description 577
title 578,description 578
title 579,description 579
title 580,description 580
title 581,description 581
title 582,description 582
title 583,description 583
title 584,description 584
title 585,description 585
title 586,description 586
title 587,description 587
title 588,description 588
title 589,description 589
title 590,description 590
title 591,description 591
title 592,description 592
title 593,description 593
title 594,description 594
title 595,description 595
title 596,description 596
title 597,description 597
title 598,description 598
title 599,description 599
title 600,description 600
title 601,description 601
title 602,description 602
title 603,description 603
title 604,description 604
title 605,description 605
title 606,description 606
title 607,description 607
title 608,description 608
title 609,description 609
title 610,description 610
title 611,description 611
title 612,description 612
title 613,description 613
title 614,description 614
title 615,description 615
title 616,description 616
title 617,description 617
title 618,description 618
title 619,description 619
title 620,description 620
title 621,description 621
title 622,description 622
title 623,description 623
title 624,description 624
title 625,description 625
title 626,description 626
title 627,description 627
title 628,description 628
title 629,description 629
title 630,description 630
title 631,description 631
title 632,description 632
title 633,description 633
title 634,description 634
title 635,description 635
title 636,description 636
title 637,description 637
title 638,description 638
title 639,description 639
title 640,description 640
title 641,description 641
title 642,description 642
title 643,description 643
title 644,description 644
title 645,description 645
title 646,description 646
title 647,description 647
title 648,description 648
title 649,description 649
title 650,description 650
title 651,description 651
title 652,description 652
title 653,description 653
title 654,description 654
title 655,description 655
title 656,description 656
title 657,description 657
title 658,description 658
title 659,description 659
title 660,description 660
title 661,description 661
title 662,description 662
title 663,description 663
title 664,description 664
title 665,description 665
title 666,description 666
title 667,description 667
title 668,description 668
title 669,description 669
title 670,description 670
title 671,description 671
title 672,description 672
title 673,description 673
title 674,description 674
title 675,description 675
title 676,description 676
title 677,description 677
title 678,description 678
title 679,description 679
title 680,description 680
title 681,description 681
title 682,description 682
title 683,description 683
title 684,description 684
title 685,description 685
title 686,description 686
title 687,description 687
title 688,description 688
title 689,description 689
title 690,description 690
title 691,description 691
title 692,description 692
title 693,description 693
title 694,description 694
title 695,description 695
title 696,description 696
title 697,description 697
title 698,description 698
title 699,description 699
title 700,description 700
title 701,description 701
title 702,description 702
title 703,description 703
title 704,description 704
title 705,description 705
title 706,description 706
title 707,description 707
title 708,description 708
title 709,description 709
title 710,description 710
title 711,description 711
title 712,description 712
title 713,description 713
title 714,description 714
title 715,description 715
title 716,description 716
title 717,description 717
title 718,description 718
title 719,description 719
title 720,description 720
title 721,description 721
title 722,description 722
title 723,description 723
title 724,description 724
title 725,description 725
title 726,description 726
title 727,description 727
title 728,description 728
title 729,description 729
title 730,description 730
title 731,description 731
title 732,description 732
title 733,description 733
title 734,description 734
title 735,description 735
title 736,description 736
title 737,description 737
title 738,description 738
title 739,description 739
title 740,description 740
title 741,description 741
title 742,description 742
title 743,description 743
title 744,description 744
title 745,description 745
title 746,description 746
title 747,description 747
title 748,description 748
title 749,description 749
title 750,description 750
title 751,description 751
title 752,description 752
title 753,description 753
title 754,description 754
title 755,description 755
title 756,description 756
title 757,description 757
title 758,description 758
title 759,description 759
title 760,description 760
title 761,description 761
title 762,description 762
title 763,description 763
title 764,description 764
title 765,description 765
title 766,description 766
title 767,description 767
title 768,description 768
title 769,description 769
title 770,description 770
title 771,description 771
title 772,description 772
title 773,description 773
title 774,description 774
title 775,description 775
title 776,description 776
title 777,description 777
title 778,description 778
title 779,description 779
title 780,description 780
title 781,description 781
title 782,description 782
title 783,description 783
title 784,description 784
title 785,description 785
title 786,description 786
title 787,description 787
title 788,description 788
title 789,description 789
title 790,description 790
title 791,description 791
title 792,description 792
title 793,description 793
title 794,description 794
title 795,description 795
title 796,description 796
title 797,description 797
title 798,description 798
title 799,description 799
title 800,description 800
title 801,description 801
title 802,description 802
title 803,description 803
title 804,description 804
title 805,description 805
title 806,description 806
title 807,description 807
title 808,description 808
title 809,description 809
title 810,description 810
title 811,description 811
title 812,description 812
title 813,description 813
title 814,description 814
title 815,description 815
title 816,description 816
title 817,description 817
title 818,description 818
title 819,description 819
title 820,description 820
title 821,description 821
title 822,description 822
title 823,description 823
title 824,description 824
title 825,description 825
title 826,description 826
title 827,description 827
title 828,description 828
title 829,description 829
title 830,description 830
title 831,description 831
title 832,description 832
title 833,description 833
title 834,description 834
title 835,description 835
title 836,description 836
title 837,description 837
title 838,description 838
title 839,description 839
title 840,description 840
title 841,description 841
title 842,description 842
title 843,description 843
title 844,description 844
title 845,description 845
title 846,description 846
title 847,description 847
title 848,description 848
title 849,description 849
title 850,description 850
title 851,description 851
title 852,description 852
title 853,description 853
title 854,description 854
title 855,description 855
title 856,description 856
title 857,description 857
title 858,description 858
title 859,description 859
title 860,description 860
title 861,description 861
title 862,description 862
title 863,description 863
title 864,description 864
title 865,description 865
title 866,description 866
title 867,description 867
title 868,description 868
title 869,description 869
title 870,description 870
title 871,description 871
title 872,description 872
title 873,description 873
title 874,description 874
title 875,description 875
title 876,description 876
title 877,description 877
title 878,description 878
title 879,description 879
title 880,description 880
title 881,description 881
title 882,description 882
title 883,description 883
title 884,description 884
title 885,description 885
title 886,description 886
title 887,description 887
title 888,description 888
title 889,description 889
title 890,description 890
title 891,description 891
title 892,description 892
title 893,description 893
title 894,description 894
title 895,description 895
title 896,description 896
title 897,description 897
title 898,description 898
title 899,description 899
title 900,description 900
title 901,description 901
title 902,description 902
title 903,description 903
title 904,description 904
title 905,description 905
title 906,description 906
title 907,description 907
title 908,description 908
title 909,description 909
title 910,description 910
title 911,description 911
title 912,description 912
title 913,description 913
title 914,description 914
title 915,description 915
title 916,description 916
title 917,description 917
title 918,description 918
title 919,description 919
title 920,description 920
title 921,description 921
title 922,description 922
title 923,description 923
title 924,description 924
title 925,description 925
title 926,description 926
title 927,description 927
title 928,description 928
title 929,description 929
title 930,description 930
title 931,description 931
title 932,description 932
title 933,description 933
title 934,description 934
title 935,description 935
title 936,description 936
title 937,description 937
title 938,description 938
title 939,description 939
title 940,description 940
title 941,description 941
title 942,description 942
title 943,description 943
title 944,description 944
title 945,description 945
title 946,description 946
title 947,description 947
title 948,description 948
title 949,description 949
title 950,description 950
title 951,description 951
title 952,description 952
title 953,description 953
title 954,description 954
title 955,description 955
title 956,description 956
title 957,description 957
title 958,description 958
title 959,description 959
title 960,description 960
title 961,description 961
title 962,description 962
title 963,description 963
title 964,description 964
title 965,description 965
title 966,description 966
title 967,description 967
title 968,description 968
title 969,description 969
title 970,description 970
title 971,description 971
title 972,description 972
title 973,description 973
title 974,description 974
title 975,description 975
title 976,description 976
title 977,description 977
title 978,description 978
title 979,description 979
title 980,description 980
title 981,description 981
title 982,description 982
title 983,description 983
title 984,description 984
title 985,description 985
title 986,description 986
title 987,description 987
title 988,description 988
title 989,description 989
title 990,description 990
title 991,description 991
title 992,description 992
title 993,description 993
title 994,description 994
title 995,description 995
title 996,description 996
title 997,description 997
title 998,description 998
title 999,description 999
title 1000,description 1000